id,nombre,edad,ciudad,fecha_compra,monto,metodo_pago
1,Juan Perez,25,Santiago,2023-01-10,10000.0,tarjeta
2,Maria Lopez,28,Valparaiso,,15000.0,efectivo
3,Carlos Ruiz,30,Santiago,,20000.0,transferencia
4,Ana Torres,28,Viña Del Mar,2023-04-20,16500.0,tarjeta
5,Pedro Gomez,45,Valparaiso,2023-05-05,30000.0,efectivo
6,Luis Diaz,28,Santiago,2023-06-01,5000.0,efectivo
7,Sofia Rojas,22,Viña Del Mar,2023-07-12,12000.0,debito
8,Cliente Desconocido,35,Santiago,2023-08-10,18000.0,tarjeta
9,Diego Soto,27,Valparaiso,,22000.0,transferencia
